links,url,text
LIVE UPDATES: Joe Biden has yet to declare Uyghur abuses genocide,https://www.foxnews.com/politics/joe-biden-live-updates-2-24-2021,"The BBC reported this month that women in those camps have been systematically raped, sexually abused and tortured. Europe increases pressure on the Chinese Communist government."
LIVE UPDATES: Joe Biden has yet to declare Uyghur abuses genocide,https://www.foxnews.com/politics/joe-biden-live-updates-2-24-2021,"Biden, who vowed to be tough on China while on the campaign trail, has been careful not to classify the human rights abuses against the Uyghurs since entering office. The Trump administration declared the actions by the Chinese Communist Party (CCP) as genocide one day before vacating the White House."
Neera Tanden committee votes abruptly delayed as Biden budget pick’s nomination in jeopardy,https://www.foxnews.com/politics/neera-tanden-committee-votes-postponed-as-nomination-on-rocks,This is a developing story. Please check back for updates.
Iranian refugee slams John Kerry's 'anti-American' backdoor meetings with Iran during Trump admin,https://www.foxnews.com/politics/iran-john-kerry-backdoor-meetings-trump-nuclear-deal-anti-american,Cohanim said that the maximum pressure campaign under the Trump administration to hold the Iranians accountable was one of the strongest on the regime in American history and has brought the country to its weakest point in 43 years.
Biden’s 100-day deportation moratorium indefinitely banned by judge,https://www.foxnews.com/politics/bidens-100-day-deportation-moratorium-judge,"The administration has since issued guidance to ICE agents, informing them that they will need preapproval from managers to arrest some illegal immigrants if they do not fall into the categories similar to those that were also exempted from the deportation freeze."
"CPAC readies for Florida gathering amid COVID-19, as conservatives ready for Trump bonanza",https://www.foxnews.com/politics/cpac-readies-for-florida-gathering-amid-covid-as-conservatives-ready-for-trump-bonanza,"""It was a very intentional decision to go to Florida,"" American Conservative Union President Matt Schlapp told Fox News."
LIVE UPDATES: Joe Biden has yet to declare Uyghur abuses genocide,https://www.foxnews.com/politics/joe-biden-live-updates-2-24-2021,Follow below for more updates on the Biden White House. Mobile users click here.
Iranian refugee slams John Kerry's 'anti-American' backdoor meetings with Iran during Trump admin,https://www.foxnews.com/politics/iran-john-kerry-backdoor-meetings-trump-nuclear-deal-anti-american,"Zarif held meetings with Obama administration veterans who could return to power ""to devise a political strategy to undermine the Trump administration"" and usher in softer diplomacy between the U.S. and Iran."
Cuomo raises eyebrows with ‘anatomy’ joke during vaccination tour,https://www.foxnews.com/politics/cuomo-raises-eyebrows-with-anatomy-joke-during-vaccination-tour,"""I get to select the part of the anatomy where I do the vaccine,"" Cuomo said during a tour of a vaccine site in Queens. ""You'll be surprised, maybe not, when you see the part of the anatomy that I pick."""
Neera Tanden committee votes abruptly delayed as Biden budget pick’s nomination in jeopardy,https://www.foxnews.com/politics/neera-tanden-committee-votes-postponed-as-nomination-on-rocks,"The office of Sen. Lisa Murkowski, R-Alaska, did not immediately respond to a request for comment on whether she'd made a decision on how she will vote on the Tanden nomination. Murkowski is considered one of the last Republicans who may vote for Tanden, thus canceling out the Manchin defection and allowing Tanden to be confirmed."
House Republicans request FBI briefing on Swalwell ties to alleged Chinese spy,https://www.foxnews.com/politics/house-republicans-fbi-briefing-swalwell-chinese-spy,"Fang’s earliest known engagement with Swalwell occurred through the Chinese Student Association, Axios reported, and by 2014, she had developed ""close ties"" to Swalwell’s office. Fang is also reported to have placed at least one intern in Swalwell’s office and interacted with him at multiple events over several years."
Iranian refugee slams John Kerry's 'anti-American' backdoor meetings with Iran during Trump admin,https://www.foxnews.com/politics/iran-john-kerry-backdoor-meetings-trump-nuclear-deal-anti-american,"Meanwhile, Republicans are criticizing Biden's decision to give up on a Trump-era push to reimpose United Nations sanctions on Iran as the administration appears to take a lighter approach to the regime."
"CPAC readies for Florida gathering amid COVID-19, as conservatives ready for Trump bonanza",https://www.foxnews.com/politics/cpac-readies-for-florida-gathering-amid-covid-as-conservatives-ready-for-trump-bonanza,"""We considered other states, Tennessee, Georgia Florida, Texas ... Florida just seems like the obvious place,"" he said. ""You know, the city of Orlando obviously has got the infrastructure to take a big conference. I mean, Las Vegas would have too, but ... the governor there just makes it impossible, is basically making it impossible for any business to be open, whereas the governor of Florida is doing just the opposite."""
"NY Democrat says phone call from Cuomo was ‘terrorizing moment,’ left wife ‘crying and shaking’",https://www.foxnews.com/politics/ron-kim-democrat-phone-call-cuomo-wife-crying,"""The angels are on our side. And that’s the bottom line,"" she added."
Cuomo raises eyebrows with ‘anatomy’ joke during vaccination tour,https://www.foxnews.com/politics/cuomo-raises-eyebrows-with-anatomy-joke-during-vaccination-tour,CLICK HERE FOR THE FOX NEWS APP
Iranian refugee slams John Kerry's 'anti-American' backdoor meetings with Iran during Trump admin,https://www.foxnews.com/politics/iran-john-kerry-backdoor-meetings-trump-nuclear-deal-anti-american,"During an appearance on ""Fox and Friends,"" the former State Department special envoy called the Biden administration’s talks with Iran to reenter the nuclear deal ""diplomatic malpractice"" and urged them to stop making unilateral concessions and instead increase demands on the Iranian regime."
"NY Democrat says phone call from Cuomo was ‘terrorizing moment,’ left wife ‘crying and shaking’",https://www.foxnews.com/politics/ron-kim-democrat-phone-call-cuomo-wife-crying,"""They admitted to potentially obstructing justice by hiding information from the Department of Justice for political reasons,"" he said, noting that officials have a duty to cooperate with federal law enforcement whether they disagree politically with the president in power."
LIVE UPDATES: Joe Biden has yet to declare Uyghur abuses genocide,https://www.foxnews.com/politics/joe-biden-live-updates-2-24-2021,"According to reports last year, up to 3 million Uyghur Muslims in China's western Xinjiang province have been taken from their homes since 2017 by authorities and disappeared into a prison camp, which the Chinese government glosses over as a re-education facility."
Gov. Cuomo accused of sexual harassment by former aide,https://www.foxnews.com/politics/cuomo-ex-aide-accuses-scandal-plagued-ny-governor-of-pervasive-sexual-harassment-in-bombshell-essay,"""Governor Cuomo must immediately resign,"" she continued. ""And any elected official who does not immediately call for his resignation is complicit in allowing a sexual predator to continue leading the great state of New York."
"CPAC readies for Florida gathering amid COVID-19, as conservatives ready for Trump bonanza",https://www.foxnews.com/politics/cpac-readies-for-florida-gathering-amid-covid-as-conservatives-ready-for-trump-bonanza,"Rep. Matt Gaetz, R-Fla., who in the aftermath of Cheney's impeachment vote flew to Wyoming just to hold a political rally against Cheney, will be attending the conference."
Gov. Cuomo accused of sexual harassment by former aide,https://www.foxnews.com/politics/cuomo-ex-aide-accuses-scandal-plagued-ny-governor-of-pervasive-sexual-harassment-in-bombshell-essay,"""The Governor began calling me 'Lisa' in front of colleagues. It was degrading,"" Boylan wrote, including screenshots of the email exchange between her and Benton."
"CPAC readies for Florida gathering amid COVID-19, as conservatives ready for Trump bonanza",https://www.foxnews.com/politics/cpac-readies-for-florida-gathering-amid-covid-as-conservatives-ready-for-trump-bonanza,"For many, the Conservative Political Action Conference (CPAC) is essentially one of the last major in-person events without masks or coronavirus pandemic restrictions before the shutdown began."
Gov. Cuomo accused of sexual harassment by former aide,https://www.foxnews.com/politics/cuomo-ex-aide-accuses-scandal-plagued-ny-governor-of-pervasive-sexual-harassment-in-bombshell-essay,"She wrote in her Wednesday essay that she expects ""the Governor and his top aides will attempt to further disparage me, just as they’ve done with Assemblymember Kim"" — who came forward in recent weeks with his own accusations against the governor of bullying and threatening him."
Iranian refugee slams John Kerry's 'anti-American' backdoor meetings with Iran during Trump admin,https://www.foxnews.com/politics/iran-john-kerry-backdoor-meetings-trump-nuclear-deal-anti-american,CLICK HERE TO GET THE FOX NEWS APP
"CPAC readies for Florida gathering amid COVID-19, as conservatives ready for Trump bonanza",https://www.foxnews.com/politics/cpac-readies-for-florida-gathering-amid-covid-as-conservatives-ready-for-trump-bonanza,"""We are in a battle for the soul of the Republican party and I intend to win it,"" Gaetz said at the Wyoming rally. ""You can help me. You can help me break a corrupt system. You can send a representative who actually represents you and you can send Liz Cheney home -- back home to Washington, D.C."""
Dozens of House Democrats want Biden to give up sole authority to launch nuclear weapons,https://www.foxnews.com/politics/democrats-biden-rescind-sole-nuclear-capabilities,The football was passed over a long distance when Biden took office after Trump because the former president did not attend the new president's Inauguration. It is usually handed off between presidents on Inauguration Day.
Neera Tanden committee votes abruptly delayed as Biden budget pick’s nomination in jeopardy,https://www.foxnews.com/politics/neera-tanden-committee-votes-postponed-as-nomination-on-rocks,Fox News' Jason Donner contributed to this report.
"NY Democrat says phone call from Cuomo was ‘terrorizing moment,’ left wife ‘crying and shaking’",https://www.foxnews.com/politics/ron-kim-democrat-phone-call-cuomo-wife-crying,"""It’s a pattern of his abusive behavior,"" Kim, D-Queens, told ""Fox & Friends"" on Wednesday. ""It’s also his abuse of power in his position, calling me at eight o’clock while I was just getting ready to bathe my kids with my wife and berating me for ten minutes, which seemed like one hour at the time, and putting my wife in shock for two hours where she was literally crying and shaking."""
"CPAC readies for Florida gathering amid COVID-19, as conservatives ready for Trump bonanza",https://www.foxnews.com/politics/cpac-readies-for-florida-gathering-amid-covid-as-conservatives-ready-for-trump-bonanza,"Notably absent at CPAC are any Republicans who have been vocally critical of Trump. Sens. Mitt Romney, R-Utah and Ben Sasse, R-Neb., won't be present. Neither will Rep. Liz Cheney, R-Wyo., who was the highest-ranking House Republican to vote to impeach Trump earlier this year."
Biden’s 100-day deportation moratorium indefinitely banned by judge,https://www.foxnews.com/politics/bidens-100-day-deportation-moratorium-judge,"The broad ""pause"" would have had exceptions. It would exclude those who, according to a written finding by the head of Immigration and Customs Enforcement (ICE), have engaged in terrorism or espionage or who pose a danger to national security. It would also exclude those who were not present in the U.S. before Nov. 1, 2020, those who agreed to waive the right to remain, and those whom the ICE director individually determined need to be removed by law."
House Republicans request FBI briefing on Swalwell ties to alleged Chinese spy,https://www.foxnews.com/politics/house-republicans-fbi-briefing-swalwell-chinese-spy,"According to the outlet, investigators became so alarmed by Fang’s behavior and activities that they alerted Swalwell in 2015 to their concerns, and gave him a ""defensive briefing."" Swalwell then cut off all ties with Fang and has not been accused of any wrongdoing, an official said."
Neera Tanden committee votes abruptly delayed as Biden budget pick’s nomination in jeopardy,https://www.foxnews.com/politics/neera-tanden-committee-votes-postponed-as-nomination-on-rocks,"Fox News did not immediately receive a response to a request for comment from the office of Sen. Rob Portman, R-Ohio, the ranking member of the HSGAC. The office of moderate Sen. Kyrsten Sinema, D-Ariz., who sits on the HSGAC, also did not immediately respond."
Cuomo raises eyebrows with ‘anatomy’ joke during vaccination tour,https://www.foxnews.com/politics/cuomo-raises-eyebrows-with-anatomy-joke-during-vaccination-tour,"Meanwhile, on Tuesday, Democratic Assemblymember Vivian Cook, one of several politicians and health officials who joined Cuomo at the vaccination site, expressed her support for the governor."
"NY Democrat says phone call from Cuomo was ‘terrorizing moment,’ left wife ‘crying and shaking’",https://www.foxnews.com/politics/ron-kim-democrat-phone-call-cuomo-wife-crying,"Kim told Brian Kilmeade the Cuomo administration ""might have broken the law"" by withholding nursing home data."
Gov. Cuomo accused of sexual harassment by former aide,https://www.foxnews.com/politics/cuomo-ex-aide-accuses-scandal-plagued-ny-governor-of-pervasive-sexual-harassment-in-bombshell-essay,Neither Boylan nor Cuomo immediately responded to Fox News' request for comment.
"CPAC readies for Florida gathering amid COVID-19, as conservatives ready for Trump bonanza",https://www.foxnews.com/politics/cpac-readies-for-florida-gathering-amid-covid-as-conservatives-ready-for-trump-bonanza,"Some of the other high-profile Trump loyalists who will be present at CPAC are Rep. Mo Brooks, R-Ala., who led the push earlier this year to overturn the Electoral College results in some states; Paxton, who led a lawsuit to overturn four states' election results; Reps. Jim Jordan, R-Ohio, and Devin Nunes, R-Calif., two of Trump's staunchest allies in the House; and former acting Director of National Intelligence Richard Grenell."
"CPAC readies for Florida gathering amid COVID-19, as conservatives ready for Trump bonanza",https://www.foxnews.com/politics/cpac-readies-for-florida-gathering-amid-covid-as-conservatives-ready-for-trump-bonanza,"TRUMP SHOULD FOCUS ON 2022 ELECTIONS, NOT 2024, IN CPAC ADDRESS: NEWT GINGRICH"
Cuomo raises eyebrows with ‘anatomy’ joke during vaccination tour,https://www.foxnews.com/politics/cuomo-raises-eyebrows-with-anatomy-joke-during-vaccination-tour,"Cuomo has faced intense scrutiny and pressure to resign in recent weeks following explosive revelations that his administration concealed accurate nursing home death counts in the midst of the COVID-19 pandemic, stonewalling a federal investigation by the Justice Department into elder care facilities in four states, including New York."
Biden’s 100-day deportation moratorium indefinitely banned by judge,https://www.foxnews.com/politics/bidens-100-day-deportation-moratorium-judge,"Biden had campaigned on the 100-day pause as part of a sweeping immigration agenda that includes a halt on border wall construction, an end to the Migrant Protection Protocols (MPP) and a pathway to citizenship for millions of illegal immigrants."
"CPAC readies for Florida gathering amid COVID-19, as conservatives ready for Trump bonanza",https://www.foxnews.com/politics/cpac-readies-for-florida-gathering-amid-covid-as-conservatives-ready-for-trump-bonanza,"Masks are required in all public spaces of CPAC, due to regulations in Orange County, Florida, and the Hyatt hotel where the conference is being held. Some of the peripheral activities around CPAC like book signings have been pared back to limit face-to-face contact."
Gov. Cuomo accused of sexual harassment by former aide,https://www.foxnews.com/politics/cuomo-ex-aide-accuses-scandal-plagued-ny-governor-of-pervasive-sexual-harassment-in-bombshell-essay,"""Sexual harassment and sexual abuse in the workplace is not a political issue, it is about right and wrong."""
Gov. Cuomo accused of sexual harassment by former aide,https://www.foxnews.com/politics/cuomo-ex-aide-accuses-scandal-plagued-ny-governor-of-pervasive-sexual-harassment-in-bombshell-essay,"""Let’s play strip poker,"" Boylan said Cuomo remarked on a flight from an event in October 2017, according to an essay she wrote on Medium published Wednesday."
"NY Democrat says phone call from Cuomo was ‘terrorizing moment,’ left wife ‘crying and shaking’",https://www.foxnews.com/politics/ron-kim-democrat-phone-call-cuomo-wife-crying,"RON KIM, NY DEM THREATENED BY CUOMO, SAYS HE WON'T SUPPORT HIM POLITICALLY AMID NURSING HOME SCANDAL"
"NY Democrat says phone call from Cuomo was ‘terrorizing moment,’ left wife ‘crying and shaking’",https://www.foxnews.com/politics/ron-kim-democrat-phone-call-cuomo-wife-crying,"""I think there’s a lot of corruption, and thanks to Ron Kim, we’re starting to see the rot underneath the floorboards,"" she said."
"NY Democrat says phone call from Cuomo was ‘terrorizing moment,’ left wife ‘crying and shaking’",https://www.foxnews.com/politics/ron-kim-democrat-phone-call-cuomo-wife-crying,"""This is not, by the way, about politics … We need both sides of the aisle to come together,"" she said. ""This is about good and bad and what we do going forward for families that won’t ever have to deal with something like this again."""
Gov. Cuomo accused of sexual harassment by former aide,https://www.foxnews.com/politics/cuomo-ex-aide-accuses-scandal-plagued-ny-governor-of-pervasive-sexual-harassment-in-bombshell-essay,"""It is an inexcusable disgrace that almost every other elected official in New York State quietly brushed this serious and credible allegation under the rug,"" Stefanik said in a statement Thursday."
Iranian refugee slams John Kerry's 'anti-American' backdoor meetings with Iran during Trump admin,https://www.foxnews.com/politics/iran-john-kerry-backdoor-meetings-trump-nuclear-deal-anti-american,"Biden administration officials, including John Kerry and Robert Malley, had meetings with Iranian Foreign Minister Javad Zarif during the Trump administration that were orchestrated to undermine President Biden's predecessor, a recent report from The Washington Times claimed."
Neera Tanden committee votes abruptly delayed as Biden budget pick’s nomination in jeopardy,https://www.foxnews.com/politics/neera-tanden-committee-votes-postponed-as-nomination-on-rocks,"The Senate Homeland Security and Governmental Affairs Committee (HSGAC) and Budget Committees postponed planned business meetings Wednesday where they were supposed to vote on Neera Tanden, President Biden's pick to be the director of the Office of Management and Budget."
"CPAC readies for Florida gathering amid COVID-19, as conservatives ready for Trump bonanza",https://www.foxnews.com/politics/cpac-readies-for-florida-gathering-amid-covid-as-conservatives-ready-for-trump-bonanza,"Trump was confirmed over the weekend to be closing CPAC as the headliner on Sunday afternoon, the final day of the conference. And his son, Donald Trump Jr., will be headlining the first full day of CPAC on Friday."
Biden’s 100-day deportation moratorium indefinitely banned by judge,https://www.foxnews.com/politics/bidens-100-day-deportation-moratorium-judge,Tipton had previously issued a two-week restraining order on the policy after Texas Attorney General Ken Paxton had argued that it violated federal law and an agreement with the Department of Homeland Security (DHS) that Texas be consulted before such a move.
Gov. Cuomo accused of sexual harassment by former aide,https://www.foxnews.com/politics/cuomo-ex-aide-accuses-scandal-plagued-ny-governor-of-pervasive-sexual-harassment-in-bombshell-essay,Boylan said she interpreted that to be an innuendo referencing the affair between Clinton and his then-intern Monica Lewinsky in the mid-1990s.
Gov. Cuomo accused of sexual harassment by former aide,https://www.foxnews.com/politics/cuomo-ex-aide-accuses-scandal-plagued-ny-governor-of-pervasive-sexual-harassment-in-bombshell-essay,"She said she was warned by other staffers when she joined Cuomo's administration in 2015 to ""be careful around the Governor."""
House Republicans request FBI briefing on Swalwell ties to alleged Chinese spy,https://www.foxnews.com/politics/house-republicans-fbi-briefing-swalwell-chinese-spy,"""This includes information classified as Top Secret, which by its very nature ‘could reasonably be expected to cause exceptionally grave damage to the national security’ if subject to unauthorized disclosure,"" they write."
Gov. Cuomo accused of sexual harassment by former aide,https://www.foxnews.com/politics/cuomo-ex-aide-accuses-scandal-plagued-ny-governor-of-pervasive-sexual-harassment-in-bombshell-essay,CUOMO ADMITTED HE WOULDN'T PUT HIS MOTHER IN NURSING HOME THE SAME MONTH HE ISSUED COVID ORDER
LIVE UPDATES: Joe Biden has yet to declare Uyghur abuses genocide,https://www.foxnews.com/politics/joe-biden-live-updates-2-24-2021,"The president didn't mention China’s human rights abuses during a virtual meeting with Canadian Prime Minister Justin Trudeau Tuesday. He said that the U.S. and Canada are coordinating ""approaches to better compete with China and to counter threats to our interests and values."""
Cuomo raises eyebrows with ‘anatomy’ joke during vaccination tour,https://www.foxnews.com/politics/cuomo-raises-eyebrows-with-anatomy-joke-during-vaccination-tour,"York College site is expected to administer 21,000 vaccines per week. Cuomo said, to date, 2 million New Yorkers have been vaccinated."
"CPAC readies for Florida gathering amid COVID-19, as conservatives ready for Trump bonanza",https://www.foxnews.com/politics/cpac-readies-for-florida-gathering-amid-covid-as-conservatives-ready-for-trump-bonanza,CLICK HERE TO GET THE FOX NEWS APP
House Republicans request FBI briefing on Swalwell ties to alleged Chinese spy,https://www.foxnews.com/politics/house-republicans-fbi-briefing-swalwell-chinese-spy,"""At this time, no information or justification for this assignment has been provided to the Committee on Homeland Security,"" the letter said. ""Such a briefing is necessary because each Committee is responsible for protecting the classified information in its care."""
Neera Tanden committee votes abruptly delayed as Biden budget pick’s nomination in jeopardy,https://www.foxnews.com/politics/neera-tanden-committee-votes-postponed-as-nomination-on-rocks,"""I have carefully reviewed Neera Tanden’s public statements and tweets that were personally directed towards my colleagues on both sides of the aisle from Senator Sanders to Senator McConnell and others,"" Manchin said. ""I believe her overtly partisan statements will have a toxic and detrimental impact on the important working relationship between members of Congress and the next director of the Office of Management and Budget."""
Neera Tanden committee votes abruptly delayed as Biden budget pick’s nomination in jeopardy,https://www.foxnews.com/politics/neera-tanden-committee-votes-postponed-as-nomination-on-rocks,"A committee aide for HSGAC told Fox News that ""[t]here are still a number of conversations happening on both sides of the aisle, so it was postponed to give more time for those conversations to continue. We'll keep working with members on the best path forward."""
Dozens of House Democrats want Biden to give up sole authority to launch nuclear weapons,https://www.foxnews.com/politics/democrats-biden-rescind-sole-nuclear-capabilities,"Democrats previously expressed concern with former President Trump having access to such power. House Speaker Nancy Pelosi in January, for example, said she spoke with Chairman of the Joint Chiefs of Staff Gen. Mark Milley about protecting nuclear codes from an ""unhinged president."""
"NY Democrat says phone call from Cuomo was ‘terrorizing moment,’ left wife ‘crying and shaking’",https://www.foxnews.com/politics/ron-kim-democrat-phone-call-cuomo-wife-crying,"New York State Assemblyman Ron Kim said a recent phone call from New York Gov. Andrew Cuomo was a ""terrorizing moment"" that left his wife ""crying and shaking."""
Biden’s 100-day deportation moratorium indefinitely banned by judge,https://www.foxnews.com/politics/bidens-100-day-deportation-moratorium-judge,"""Our state defends the largest section of the southern border in the nation. Failure to properly enforce the law will directly and immediately endanger our citizens and law enforcement personnel,"" Paxton said in a statement last month announcing the lawsuit."
Dozens of House Democrats want Biden to give up sole authority to launch nuclear weapons,https://www.foxnews.com/politics/democrats-biden-rescind-sole-nuclear-capabilities,"About three dozen House Democrats have signed a letter asking President Biden to renounce his sole authority to launch nuclear weapons, according to reports."
Biden’s 100-day deportation moratorium indefinitely banned by judge,https://www.foxnews.com/politics/bidens-100-day-deportation-moratorium-judge,CLICK HERE TO GET THE FOX NEWS APP
Biden’s 100-day deportation moratorium indefinitely banned by judge,https://www.foxnews.com/politics/bidens-100-day-deportation-moratorium-judge,The Biden administration’s efforts to impose a 100-day pause on deportations of illegal immigrants were dealt another blow on Tuesday when a district judge extended a ban on its imposition in response to a lawsuit from Texas.
Cuomo raises eyebrows with ‘anatomy’ joke during vaccination tour,https://www.foxnews.com/politics/cuomo-raises-eyebrows-with-anatomy-joke-during-vaccination-tour,"NY DEMOCRAT SAYS PHONE CALL FROM CUOMO WAS 'TERRORIZING MOMENT,' LEFT WIFE 'CRYING AND SHAKING'"
Dozens of House Democrats want Biden to give up sole authority to launch nuclear weapons,https://www.foxnews.com/politics/democrats-biden-rescind-sole-nuclear-capabilities,"Democrats offered some alternatives to sole nuclear authority, such as requiring the vice president and House speaker to agree with a launch order from the president before it is executed, according to Politico."
House Republicans request FBI briefing on Swalwell ties to alleged Chinese spy,https://www.foxnews.com/politics/house-republicans-fbi-briefing-swalwell-chinese-spy,"""As our nation faces a growing security threat from the Chinese Communist Party’s (CCP) attempts to infiltrate and undermine the United States Government, we write to request a full briefing regarding counterintelligence threats to Members of Congress, including information related to Rep. Eric Swalwell’s ties to a suspected Chinese intelligence operative,"" says the letter from 14 House Republicans, including Rep. Dan Bishop, R-N.C. and Homeland Security Committee Ranking Member John Katko, R-N.Y."
"CPAC readies for Florida gathering amid COVID-19, as conservatives ready for Trump bonanza",https://www.foxnews.com/politics/cpac-readies-for-florida-gathering-amid-covid-as-conservatives-ready-for-trump-bonanza,But other things are the same.
House Republicans request FBI briefing on Swalwell ties to alleged Chinese spy,https://www.foxnews.com/politics/house-republicans-fbi-briefing-swalwell-chinese-spy,"""What it appears though that this person -- as the story reports -- was unsuccessful in whatever they were trying to do,"" he said. ""But if intelligence officials are trying to weaponize someone’s cooperation, they are essentially seeking to do what this person was not able to do, which is to try and discredit someone."""
Biden’s 100-day deportation moratorium indefinitely banned by judge,https://www.foxnews.com/politics/bidens-100-day-deportation-moratorium-judge,"The guidance is temporary, lasting three months, until DHS can issue further guidance. Officials said the guidance does not explicitly prevent anyone from being arrested or deported. Instead, it directs resources at certain targets."
Gov. Cuomo accused of sexual harassment by former aide,https://www.foxnews.com/politics/cuomo-ex-aide-accuses-scandal-plagued-ny-governor-of-pervasive-sexual-harassment-in-bombshell-essay,Boylan accused the governor of harassment last year but did not elaborate on her experiences at the time.
"NY Democrat says phone call from Cuomo was ‘terrorizing moment,’ left wife ‘crying and shaking’",https://www.foxnews.com/politics/ron-kim-democrat-phone-call-cuomo-wife-crying,"""They admitted an obstruction of justice, and I had a duty to tell the public,"" he added later. ""They might have broken the law, and I’m not going to be complicit in the cover-up."""
Cuomo raises eyebrows with ‘anatomy’ joke during vaccination tour,https://www.foxnews.com/politics/cuomo-raises-eyebrows-with-anatomy-joke-during-vaccination-tour,"MOST NEW YORKERS SAY CUOMO MISHANDLED CORONAVIRUS IN NURSING HOMES, POLL FINDS"
House Republicans request FBI briefing on Swalwell ties to alleged Chinese spy,https://www.foxnews.com/politics/house-republicans-fbi-briefing-swalwell-chinese-spy,"The concern about Swalwell originated in December, when Axios reported that a Chinese national named Fang Fang or Christine Fang had targeted up-and-coming local politicians, including those who had the potential to become national figures."
Neera Tanden committee votes abruptly delayed as Biden budget pick’s nomination in jeopardy,https://www.foxnews.com/politics/neera-tanden-committee-votes-postponed-as-nomination-on-rocks,Fox News asked the White House if it had withdrawn Tanden's nomination. White House Press Secretary Jen Psaki responded with a statement lauding Tanden.
Gov. Cuomo accused of sexual harassment by former aide,https://www.foxnews.com/politics/cuomo-ex-aide-accuses-scandal-plagued-ny-governor-of-pervasive-sexual-harassment-in-bombshell-essay,"A former aide to Gov. Andrew Cuomo is accusing the embattled New York leader of sexually harassing her -- including unwanted kissing and touching -- and says his top female staffers ""normalized"" the behavior."
"CPAC readies for Florida gathering amid COVID-19, as conservatives ready for Trump bonanza",https://www.foxnews.com/politics/cpac-readies-for-florida-gathering-amid-covid-as-conservatives-ready-for-trump-bonanza,"""We're going to go through the real stuff. Not the imagined charges, not the fantastical charges. Just the real stuff,"" Schlapp said. ""All of the globalists tell us that we should be going along with the globe. Well, the globe tells us this is the wrong way to vote. You vote in person. That's what you do in these other democracies. You vote once and there's a lot of security around it. So much security that the American government often helps pay for that security."""
Iranian refugee slams John Kerry's 'anti-American' backdoor meetings with Iran during Trump admin,https://www.foxnews.com/politics/iran-john-kerry-backdoor-meetings-trump-nuclear-deal-anti-american,NORTH KOREA AND IRAN TEAMING UP AGAIN AS US WEIGHS IRAN NUCLEAR DEAL
Cuomo raises eyebrows with ‘anatomy’ joke during vaccination tour,https://www.foxnews.com/politics/cuomo-raises-eyebrows-with-anatomy-joke-during-vaccination-tour,"Cuomo made the remarks at the opening of the largest mass vaccination site in the state, at York College in Queens, New York."
"NY Democrat says phone call from Cuomo was ‘terrorizing moment,’ left wife ‘crying and shaking’",https://www.foxnews.com/politics/ron-kim-democrat-phone-call-cuomo-wife-crying,"""Ron Kim is a hero,"" she added. ""He’s been with me right from the very beginning when a lot of Democratic lawmakers were not."""
Iranian refugee slams John Kerry's 'anti-American' backdoor meetings with Iran during Trump admin,https://www.foxnews.com/politics/iran-john-kerry-backdoor-meetings-trump-nuclear-deal-anti-american,"The former Trump official pointed to Iran’s economic downturn, mishandling of the coronavirus, and civil unrest as evidence the country is on the ""verge of collapse."""
"CPAC readies for Florida gathering amid COVID-19, as conservatives ready for Trump bonanza",https://www.foxnews.com/politics/cpac-readies-for-florida-gathering-amid-covid-as-conservatives-ready-for-trump-bonanza,"CPAC is still bringing a high-profile slate of Republican speakers, including top lawmakers like Sens. Tom Cotton, R-Ark., Ted Cruz, R-Texas, and Josh Hawley, R-Mo. Former Secretary of State Mike Pompeo will be there. So will high-profile state officials like Texas Attorney General Ken Paxton and South Dakota Gov. Kristi Noem. Schlapp still expects a crowded hall for the conference's top speeches and a large number of politically engaged high school and college students."
House Republicans request FBI briefing on Swalwell ties to alleged Chinese spy,https://www.foxnews.com/politics/house-republicans-fbi-briefing-swalwell-chinese-spy,"EXCLUSIVE: House Republicans are requesting that FBI Director Christopher Wray hold a briefing on Rep. Eric Swalwell’s, D-Calif., past ties to an alleged Chinese spy -- asking that lawmakers be informed of the ""full extent"" of Chinese targeting members of Congress."
Iranian refugee slams John Kerry's 'anti-American' backdoor meetings with Iran during Trump admin,https://www.foxnews.com/politics/iran-john-kerry-backdoor-meetings-trump-nuclear-deal-anti-american,"Kerry, who is now President Biden's top climate envoy, has been open about the fact that he met with Zarif at least twice during the Trump administration, prompting Trump to say he should be prosecuted under the Logan Act."
Neera Tanden committee votes abruptly delayed as Biden budget pick’s nomination in jeopardy,https://www.foxnews.com/politics/neera-tanden-committee-votes-postponed-as-nomination-on-rocks,"An official notice that the Tanden markup was postponed went out on the HSGAC website. A source familiar told Fox News that ""Tanden's budget markup is postponed"" shortly before the Budget Committee sent out its official notice."
Gov. Cuomo accused of sexual harassment by former aide,https://www.foxnews.com/politics/cuomo-ex-aide-accuses-scandal-plagued-ny-governor-of-pervasive-sexual-harassment-in-bombshell-essay,"Lindsey Boylan, the former deputy secretary for economic development and special adviser to the governor, said Cuomo constantly sought her out and had staffers arrange meetings with her, where he made inappropriate comments."
Dozens of House Democrats want Biden to give up sole authority to launch nuclear weapons,https://www.foxnews.com/politics/democrats-biden-rescind-sole-nuclear-capabilities,"Presidents have continually passed down a briefcase containing all the necessary materials to dial up a nuclear strike using a specific code, often referred to as the ""nuclear football."""
"NY Democrat says phone call from Cuomo was ‘terrorizing moment,’ left wife ‘crying and shaking’",https://www.foxnews.com/politics/ron-kim-democrat-phone-call-cuomo-wife-crying,JANICE DEAN: CUOMO'S COVID NURSING HOME POLICIES ROBBED MY IN-LAWS OF THEIR 60TH WEDDING ANNIVERSARY
"NY Democrat says phone call from Cuomo was ‘terrorizing moment,’ left wife ‘crying and shaking’",https://www.foxnews.com/politics/ron-kim-democrat-phone-call-cuomo-wife-crying,"""Just think about that terrorizing moment when the most powerful politician in the state, if not in the country, tells you that he will ruin you [and] ruin your livelihood,"" he added."
Gov. Cuomo accused of sexual harassment by former aide,https://www.foxnews.com/politics/cuomo-ex-aide-accuses-scandal-plagued-ny-governor-of-pervasive-sexual-harassment-in-bombshell-essay,"Several ongoing investigations continue to probe the impact of Cuomo's directive last March for nursing homes to admit COVID-19 patients, resulting in thousands of deaths in assisted living facilities."
"CPAC readies for Florida gathering amid COVID-19, as conservatives ready for Trump bonanza",https://www.foxnews.com/politics/cpac-readies-for-florida-gathering-amid-covid-as-conservatives-ready-for-trump-bonanza,JOIN CPAC 2021 FROM HOME: HOW TO WATCH STREAMING COVERAGE ON FOX NATION
Neera Tanden committee votes abruptly delayed as Biden budget pick’s nomination in jeopardy,https://www.foxnews.com/politics/neera-tanden-committee-votes-postponed-as-nomination-on-rocks,"Tanden's nomination was on shaky ground ahead of the scheduled committee votes after Sen. Joe Manchin, D-W.Va., and many Republicans said they would oppose her nomination last week. Now it's thrown further into doubt by the cancellation of the two committee votes."
Dozens of House Democrats want Biden to give up sole authority to launch nuclear weapons,https://www.foxnews.com/politics/democrats-biden-rescind-sole-nuclear-capabilities,"""Vesting one person with this authority entails real risks,"" the letter from Rep. Jimmy Panetta, D-Calif., and obtained by Politico reads. ""Past presidents have threatened to attack other countries with nuclear weapons or exhibited behavior that caused other officials to express concern about the president’s judgment."""
Dozens of House Democrats want Biden to give up sole authority to launch nuclear weapons,https://www.foxnews.com/politics/democrats-biden-rescind-sole-nuclear-capabilities,"NORTH KOREAN HACKERS STOLE $316M TO IMPROVE NUKES, BALLISTIC MISSILES, UN EXPERTS SAY"
Dozens of House Democrats want Biden to give up sole authority to launch nuclear weapons,https://www.foxnews.com/politics/democrats-biden-rescind-sole-nuclear-capabilities,CLICK HERE TO GET THE FOX NEWS APP
"NY Democrat says phone call from Cuomo was ‘terrorizing moment,’ left wife ‘crying and shaking’",https://www.foxnews.com/politics/ron-kim-democrat-phone-call-cuomo-wife-crying,"""It’s not a feel-good moment, we are talking about our relatives that we don't have anymore, but we’ll continue to shout from the rooftops,"" she said."
House Republicans request FBI briefing on Swalwell ties to alleged Chinese spy,https://www.foxnews.com/politics/house-republicans-fbi-briefing-swalwell-chinese-spy,"They said a Dec. 18 classified briefing for Speaker Nancy Pelosi and House Minority Leader Kevin McCarthy on the subject raised additional questions ""including how Rep. Swalwell could be re-appointed to the Committee on Homeland Security one month after this briefing."""
Cuomo raises eyebrows with ‘anatomy’ joke during vaccination tour,https://www.foxnews.com/politics/cuomo-raises-eyebrows-with-anatomy-joke-during-vaccination-tour,"""I stand with the governor, I work with the governor, I know where his heart is,"" she said, even as over a dozen of her Democratic colleagues call for him to be stripped of his executive powers to make further decisions regarding the COVID-19 pandemic."
House Republicans request FBI briefing on Swalwell ties to alleged Chinese spy,https://www.foxnews.com/politics/house-republicans-fbi-briefing-swalwell-chinese-spy,"""Given these injurious efforts to target a Member of the Committee, it is imperative that the House Committeee on Homeland Security receive a classified briefing detailing Rep. Swalwell’s relationship with Fang and any potential exposure of classified information,"" the lawmakers say."
Dozens of House Democrats want Biden to give up sole authority to launch nuclear weapons,https://www.foxnews.com/politics/democrats-biden-rescind-sole-nuclear-capabilities,"Panetta's office did not immediately respond to an inquiry from Fox News. The congressman said in a Monday tweet that he is ""calling on"" Biden ""to install checks [and] balances in our nuclear command-and-control structure."""
Dozens of House Democrats want Biden to give up sole authority to launch nuclear weapons,https://www.foxnews.com/politics/democrats-biden-rescind-sole-nuclear-capabilities,"The letter continues: ""While any president would presumably consult with advisors before ordering a nuclear attack, there is no requirement to do so. The military is obligated to carry out the order if they assess it is legal under the laws of war. Under the current posture of U.S. nuclear forces, that attack would happen in minutes."""
Biden’s 100-day deportation moratorium indefinitely banned by judge,https://www.foxnews.com/politics/bidens-100-day-deportation-moratorium-judge,"The agreement means that DHS must give Texas 180 days' notice of any proposed change on any matter that would reduce enforcement or increase the number of ""removable or inadmissible aliens"" in the U.S. Paxton claims that agreement has been violated."
Neera Tanden committee votes abruptly delayed as Biden budget pick’s nomination in jeopardy,https://www.foxnews.com/politics/neera-tanden-committee-votes-postponed-as-nomination-on-rocks,CLICK HERE TO GET THE FOX NEWS APP
Biden’s 100-day deportation moratorium indefinitely banned by judge,https://www.foxnews.com/politics/bidens-100-day-deportation-moratorium-judge,Fox News’ Griff Jenkins and The Associated Press contributed to this report.
House Republicans request FBI briefing on Swalwell ties to alleged Chinese spy,https://www.foxnews.com/politics/house-republicans-fbi-briefing-swalwell-chinese-spy,SPEAKER PELOSI NAMES REP. SWALWELL TO RETURN TO THE HOMELAND SECURITY COMMITTEE DESPITE SPY TIES
House Republicans request FBI briefing on Swalwell ties to alleged Chinese spy,https://www.foxnews.com/politics/house-republicans-fbi-briefing-swalwell-chinese-spy,"In a statement to the outlet, Swalwell’s office said: ""Rep. Swalwell, long ago, provided information about this person — whom he met more than eight years ago, and whom he hasn’t seen in nearly six years — to the FBI. To protect information that might be classified, he will not participate in your story."""
"CPAC readies for Florida gathering amid COVID-19, as conservatives ready for Trump bonanza",https://www.foxnews.com/politics/cpac-readies-for-florida-gathering-amid-covid-as-conservatives-ready-for-trump-bonanza,"The annual conservative confab has moved from Maryland to Orlando, Florida, due to coronavirus restrictions."
LIVE UPDATES: Joe Biden has yet to declare Uyghur abuses genocide,https://www.foxnews.com/politics/joe-biden-live-updates-2-24-2021,"The European Union Tuesday urged China to allow access by independent observers to investigate reports of secret detention camps, forced sterilization and political indoctrination."
"NY Democrat says phone call from Cuomo was ‘terrorizing moment,’ left wife ‘crying and shaking’",https://www.foxnews.com/politics/ron-kim-democrat-phone-call-cuomo-wife-crying,"""[We are] calling on Cuomo to return every dollar he took from the biggest hospital and nursing lobbyist group … We also are requesting them to turn over every single correspondence with this lobbyist to the media, press and the public,"" Kim said."
Iranian refugee slams John Kerry's 'anti-American' backdoor meetings with Iran during Trump admin,https://www.foxnews.com/politics/iran-john-kerry-backdoor-meetings-trump-nuclear-deal-anti-american,"""What exactly was it that John Kerry was telling them - just ignore America until we’re back in power?"" Cohanim said. ""It’s kind of unbelievable."""
"NY Democrat says phone call from Cuomo was ‘terrorizing moment,’ left wife ‘crying and shaking’",https://www.foxnews.com/politics/ron-kim-democrat-phone-call-cuomo-wife-crying,"MOST NEW YORKERS SAY CUOMO MISHANDLED CORONAVIRUS IN NURSING HOMES, POLL FINDS"
"CPAC readies for Florida gathering amid COVID-19, as conservatives ready for Trump bonanza",https://www.foxnews.com/politics/cpac-readies-for-florida-gathering-amid-covid-as-conservatives-ready-for-trump-bonanza,"""I think now people are beginning to see these executive orders they're going to get,"" Schlapp said. ""In some ways, he has my begrudging respect. He does all these things he says he would do. That means we're going to get a very aggressive socialist agenda. That will mean that Republicans better find their voice fast and they better start fighting fast."""
Iranian refugee slams John Kerry's 'anti-American' backdoor meetings with Iran during Trump admin,https://www.foxnews.com/politics/iran-john-kerry-backdoor-meetings-trump-nuclear-deal-anti-american,"Iranian refugee and former Trump official Ellie Cohanim slammed John Kerry on Wednesday, calling the former secretary of state's backdoor meetings with Iran during Trump’s presidency ""anti-American"" and an attempt to undermine the administration’s foreign policy stances."
"NY Democrat says phone call from Cuomo was ‘terrorizing moment,’ left wife ‘crying and shaking’",https://www.foxnews.com/politics/ron-kim-democrat-phone-call-cuomo-wife-crying,CUOMO ADMITTED HE WOULDN'T PUT HIS MOTHER IN NURSING HOME THE SAME MONTH HE ISSUED COVID ORDER
"CPAC readies for Florida gathering amid COVID-19, as conservatives ready for Trump bonanza",https://www.foxnews.com/politics/cpac-readies-for-florida-gathering-amid-covid-as-conservatives-ready-for-trump-bonanza,"CPAC will also be a forum for those on the right to sharpen their arguments against President Biden, whose administration began with a flurry of executive orders that have rankled Republicans. Schlapp specifically slammed the Biden order that revoked approval for the Keystone XL Pipeline, which led to a significant number of jobs being lost."
Gov. Cuomo accused of sexual harassment by former aide,https://www.foxnews.com/politics/cuomo-ex-aide-accuses-scandal-plagued-ny-governor-of-pervasive-sexual-harassment-in-bombshell-essay,Stefanik had previously called for Boylan's allegations against Cuomo last year to be investigated further but it amounted to nothing.
House Republicans request FBI briefing on Swalwell ties to alleged Chinese spy,https://www.foxnews.com/politics/house-republicans-fbi-briefing-swalwell-chinese-spy,"But Republicans have continued to express concern about the connection. The lawmakers noted Swalwell’s position on committees such as the House Homeland Security Committee, where lawmakers are given access to classified information."
Dozens of House Democrats want Biden to give up sole authority to launch nuclear weapons,https://www.foxnews.com/politics/democrats-biden-rescind-sole-nuclear-capabilities,NORTH KOREA AND IRAN TEAMING UP AGAIN AS US WEIGHS IRAN NUCLEAR DEAL
Gov. Cuomo accused of sexual harassment by former aide,https://www.foxnews.com/politics/cuomo-ex-aide-accuses-scandal-plagued-ny-governor-of-pervasive-sexual-harassment-in-bombshell-essay,CUOMO RAISES EYEBROWS WITH 'ANATOMY' JOKE DURING VACCINATION TOUR
"CPAC readies for Florida gathering amid COVID-19, as conservatives ready for Trump bonanza",https://www.foxnews.com/politics/cpac-readies-for-florida-gathering-amid-covid-as-conservatives-ready-for-trump-bonanza,"Gaetz at that rally took a call from Trump Jr., who also pushed for Cheney's ouster in a 2022 primary."
House Republicans request FBI briefing on Swalwell ties to alleged Chinese spy,https://www.foxnews.com/politics/house-republicans-fbi-briefing-swalwell-chinese-spy,"ERIC SWALWELL, DEM CONGRESSMAN LINKED TO CHINESE SPY, MAKES IMPEACHMENT CASE AGAINST TRUMP AT SENATE TRIAL"
"CPAC readies for Florida gathering amid COVID-19, as conservatives ready for Trump bonanza",https://www.foxnews.com/politics/cpac-readies-for-florida-gathering-amid-covid-as-conservatives-ready-for-trump-bonanza,PENCE DECLINED CPAC INVITATION: SOURCE
Cuomo raises eyebrows with ‘anatomy’ joke during vaccination tour,https://www.foxnews.com/politics/cuomo-raises-eyebrows-with-anatomy-joke-during-vaccination-tour,"""Those communities get priority here because those communities were hardest hit,"" Cuomo said of the decision, which will allow everyone in the state to make an appointment for the vaccine following the grace period for ZIP codes within the surrounding area of the college."
Iranian refugee slams John Kerry's 'anti-American' backdoor meetings with Iran during Trump admin,https://www.foxnews.com/politics/iran-john-kerry-backdoor-meetings-trump-nuclear-deal-anti-american,Fox News' Evie Fordham contributed to this report.
House Republicans request FBI briefing on Swalwell ties to alleged Chinese spy,https://www.foxnews.com/politics/house-republicans-fbi-briefing-swalwell-chinese-spy,Swalwell later told Politico that he believed his role as a vocal critic of then-President Donald Trump was the motivation for the initial information leak
"CPAC readies for Florida gathering amid COVID-19, as conservatives ready for Trump bonanza",https://www.foxnews.com/politics/cpac-readies-for-florida-gathering-amid-covid-as-conservatives-ready-for-trump-bonanza,"Conservatives and many election experts ahead of the presidential election widely agreed that some changes moving toward increased mail balloting in the U.S. made elections less secure. But despite intense scrutiny and a litany of court cases, no evidence has emerged to support the idea that there was widespread voter fraud nearly large enough to affect the result of the presidential election."
Cuomo raises eyebrows with ‘anatomy’ joke during vaccination tour,https://www.foxnews.com/politics/cuomo-raises-eyebrows-with-anatomy-joke-during-vaccination-tour,'IT WAS A RECIPE FOR DISASTER' WOMAN MOURNS MOM WHO DIED IN LONG ISLAND NURSING HOME
Gov. Cuomo accused of sexual harassment by former aide,https://www.foxnews.com/politics/cuomo-ex-aide-accuses-scandal-plagued-ny-governor-of-pervasive-sexual-harassment-in-bombshell-essay,"NY DEMOCRAT SAYS PHONE CALL FROM CUOMO WAS 'TERRORIZING MOMENT,' LEFT WIFE 'CRYING AND SHAKING'"
LIVE UPDATES: Joe Biden has yet to declare Uyghur abuses genocide,https://www.foxnews.com/politics/joe-biden-live-updates-2-24-2021,President Biden has yet to declare reported atrocities by China against Uyghurs in the country's western Xinjiang province to be genocide even after Canada’s parliament voted Monday to pass a nonbinding motion applying the classification.
Gov. Cuomo accused of sexual harassment by former aide,https://www.foxnews.com/politics/cuomo-ex-aide-accuses-scandal-plagued-ny-governor-of-pervasive-sexual-harassment-in-bombshell-essay,"""I was in shock, but I kept walking,"" Boylan wrote."
"NY Democrat says phone call from Cuomo was ‘terrorizing moment,’ left wife ‘crying and shaking’",https://www.foxnews.com/politics/ron-kim-democrat-phone-call-cuomo-wife-crying,"Kim joined ""Fox & Friends"" ahead of a rally Wednesday, where he and others will call for accountability."
Neera Tanden committee votes abruptly delayed as Biden budget pick’s nomination in jeopardy,https://www.foxnews.com/politics/neera-tanden-committee-votes-postponed-as-nomination-on-rocks,"NEERA TANDEN, XAVIER BECERRA UNDER FIRE AS BIDEN NOMINEES FIGHT TO SURVIVE CONFIRMATION BATTLES"
House Republicans request FBI briefing on Swalwell ties to alleged Chinese spy,https://www.foxnews.com/politics/house-republicans-fbi-briefing-swalwell-chinese-spy,MCCARTHY: ANYONE WHO HEARD WHAT FBI TOLD ME 'WOULD NEVER ALLOW SWALWELL TO BE ON THE INTEL COMMITTEE'
"CPAC readies for Florida gathering amid COVID-19, as conservatives ready for Trump bonanza",https://www.foxnews.com/politics/cpac-readies-for-florida-gathering-amid-covid-as-conservatives-ready-for-trump-bonanza,"Perhaps also hinting at the pro-Trump nature of the conference, CPAC 2021 includes seven separate panels on ""protecting elections,"" which alternatively examine similar claims of widespread voter fraud made by Trump after the presidential election or how to strengthen elections for the future."
Gov. Cuomo accused of sexual harassment by former aide,https://www.foxnews.com/politics/cuomo-ex-aide-accuses-scandal-plagued-ny-governor-of-pervasive-sexual-harassment-in-bombshell-essay,"Rep. Elise Stefanik, R-N.Y., immediately called for Cuomo to resign following Boylan's story, calling him the ""Worst Governor in America"" and a ""criminal sexual predator."""
Dozens of House Democrats want Biden to give up sole authority to launch nuclear weapons,https://www.foxnews.com/politics/democrats-biden-rescind-sole-nuclear-capabilities,A promise from the president to give up his nuclear capabilities as commander in chief could take the same power away from future presidents.
"NY Democrat says phone call from Cuomo was ‘terrorizing moment,’ left wife ‘crying and shaking’",https://www.foxnews.com/politics/ron-kim-democrat-phone-call-cuomo-wife-crying,Dean said she and others will continue their fight for accountability and justice.
Biden’s 100-day deportation moratorium indefinitely banned by judge,https://www.foxnews.com/politics/bidens-100-day-deportation-moratorium-judge,"ACLU CALLS BIDEN GUIDANCE ON ICE ARRESTS, DEPORTATIONS 'DISAPPOINTING STEP BACKWARD'"
Gov. Cuomo accused of sexual harassment by former aide,https://www.foxnews.com/politics/cuomo-ex-aide-accuses-scandal-plagued-ny-governor-of-pervasive-sexual-harassment-in-bombshell-essay,"Boylan said his behavior ""was all so normalized — particularly by Melissa DeRosa and other top women around him — that only now do I realize how insidious his abuse was."""
Neera Tanden committee votes abruptly delayed as Biden budget pick’s nomination in jeopardy,https://www.foxnews.com/politics/neera-tanden-committee-votes-postponed-as-nomination-on-rocks,"""Neera Tanden is a leading policy expert who brings critical qualifications to the table during this time of unprecedented crisis,"" Psaki said. ""She also has important perspective and values, understanding firsthand the powerful difference policy can make in the lives of those going through hard times. She has a broad spectrum of support, ranging from the U.S. Chamber of Commerce to labor unions, and has a strong record of working with both parties that we expect to grow in President Biden's cabinet as the first South Asian woman to lead OMB."""
Gov. Cuomo accused of sexual harassment by former aide,https://www.foxnews.com/politics/cuomo-ex-aide-accuses-scandal-plagued-ny-governor-of-pervasive-sexual-harassment-in-bombshell-essay,"In another encounter in December 2016, Boylan said Cuomo arranged through a handler to meet her in his Albany office, to which she agreed reluctantly. She said he gave her a tour of his office, ""smirked"" and showed off a cigar box he said was given to him by former President Bill Clinton while he served as the secretary of Housing and Urban Development."
Cuomo raises eyebrows with ‘anatomy’ joke during vaccination tour,https://www.foxnews.com/politics/cuomo-raises-eyebrows-with-anatomy-joke-during-vaccination-tour,The site is one of two to open this week -- the other at Medgar Evers College in Brooklyn -- that will first prioritize community residents in an effort to ensure the vaccine is doled out in a socially equitable manner.
Dozens of House Democrats want Biden to give up sole authority to launch nuclear weapons,https://www.foxnews.com/politics/democrats-biden-rescind-sole-nuclear-capabilities,Fox News' Greg Norman contributed to this report.
House Republicans request FBI briefing on Swalwell ties to alleged Chinese spy,https://www.foxnews.com/politics/house-republicans-fbi-briefing-swalwell-chinese-spy,"""I’ve been a critic of the president. I’ve spoken out against him. I was on both committees that worked to impeach him,"" Swalwell said. ""The timing feels like that should be looked at."""
"CPAC readies for Florida gathering amid COVID-19, as conservatives ready for Trump bonanza",https://www.foxnews.com/politics/cpac-readies-for-florida-gathering-amid-covid-as-conservatives-ready-for-trump-bonanza,"Now, one year later, both the world and CPAC 2021 are very different."
"NY Democrat says phone call from Cuomo was ‘terrorizing moment,’ left wife ‘crying and shaking’",https://www.foxnews.com/politics/ron-kim-democrat-phone-call-cuomo-wife-crying,"Senior meteorologist Janice Dean, who lost both of her parents-in-law to COVID-19, praised Kim for his support."
"NY Democrat says phone call from Cuomo was ‘terrorizing moment,’ left wife ‘crying and shaking’",https://www.foxnews.com/politics/ron-kim-democrat-phone-call-cuomo-wife-crying,Kim is one of several lawmakers on both sides of the aisle who have criticized Cuomo’s order requiring nursing homes to accept coronavirus-positive patients released from hospitals. The directive was enacted on March 25 and rescinded in May.
House Republicans request FBI briefing on Swalwell ties to alleged Chinese spy,https://www.foxnews.com/politics/house-republicans-fbi-briefing-swalwell-chinese-spy,"As part of that effort, Fang reportedly took part in fundraising for Swalwell’s 2014 reelection campaign -- although she did not make donations nor was there evidence of illegal contributions."
Biden’s 100-day deportation moratorium indefinitely banned by judge,https://www.foxnews.com/politics/bidens-100-day-deportation-moratorium-judge,U.S. District Judge Drew Tipton indefinitely banned enforcement of the Jan. 20 memorandum that would have implemented a 100-day moratorium on most deportations.
Gov. Cuomo accused of sexual harassment by former aide,https://www.foxnews.com/politics/cuomo-ex-aide-accuses-scandal-plagued-ny-governor-of-pervasive-sexual-harassment-in-bombshell-essay,CLICK HERE FOR THE FOX NEWS APP
"CPAC readies for Florida gathering amid COVID-19, as conservatives ready for Trump bonanza",https://www.foxnews.com/politics/cpac-readies-for-florida-gathering-amid-covid-as-conservatives-ready-for-trump-bonanza,"""I think all the ones that are seriously considering running -- and obviously Donald Trump is the big [one], is looming over all those decisions the most,"" Schlapp said. ""And look, you're not going to get the Republican nomination being a never-Trumper. You're not going to get the Republican nomination if you're not a strong conservative. So all of that kind of courting, it's appropriate that it starts at CPAC."""
Biden’s 100-day deportation moratorium indefinitely banned by judge,https://www.foxnews.com/politics/bidens-100-day-deportation-moratorium-judge,ICE OFFICERS WILL NEED PREAPPROVAL BEFORE ARRESTING SOME ILLEGAL IMMIGRANTS UNDER NEW RULES
Dozens of House Democrats want Biden to give up sole authority to launch nuclear weapons,https://www.foxnews.com/politics/democrats-biden-rescind-sole-nuclear-capabilities,"Pelosi said she spoke to Milley on Jan. 5 ""to discuss available precautions for preventing an unstable president from initiating military hostilities or accessing the launch codes and ordering a nuclear strike."""
Gov. Cuomo accused of sexual harassment by former aide,https://www.foxnews.com/politics/cuomo-ex-aide-accuses-scandal-plagued-ny-governor-of-pervasive-sexual-harassment-in-bombshell-essay,"She also alleged that shortly before the office incident, that made her feel uncomfortable, Stephanie Benton, director of the governor’s offices, told her in an email that Cuomo suggested she look up images of Lisa Shields — his rumored former girlfriend — because ""we could be sisters"" and told Boylan she was ""the better looking sister."""
Cuomo raises eyebrows with ‘anatomy’ joke during vaccination tour,https://www.foxnews.com/politics/cuomo-raises-eyebrows-with-anatomy-joke-during-vaccination-tour,"Gov. Andrew Cuomo joked Wednesday about himself administering COVID-19 vaccines to New Yorkers, saying he'd get to choose ""the part of the anatomy"" to jab."
"CPAC readies for Florida gathering amid COVID-19, as conservatives ready for Trump bonanza",https://www.foxnews.com/politics/cpac-readies-for-florida-gathering-amid-covid-as-conservatives-ready-for-trump-bonanza,And what's staying the same more than anything else is that former President Donald Trump will be at the center of the conference more than any other individual.
"NY Democrat says phone call from Cuomo was ‘terrorizing moment,’ left wife ‘crying and shaking’",https://www.foxnews.com/politics/ron-kim-democrat-phone-call-cuomo-wife-crying,CLICK HERE TO GET THE FOX NEWS APP
"NY Democrat says phone call from Cuomo was ‘terrorizing moment,’ left wife ‘crying and shaking’",https://www.foxnews.com/politics/ron-kim-democrat-phone-call-cuomo-wife-crying,Dean argued lawmakers should put politics aside and come together in order to support grieving families.
House Republicans request FBI briefing on Swalwell ties to alleged Chinese spy,https://www.foxnews.com/politics/house-republicans-fbi-briefing-swalwell-chinese-spy,CLICK HERE TO GET THE FOX NEWS APP
Cuomo raises eyebrows with ‘anatomy’ joke during vaccination tour,https://www.foxnews.com/politics/cuomo-raises-eyebrows-with-anatomy-joke-during-vaccination-tour,"Several ongoing investigations continue to probe the impact of Cuomo's directive last March for nursing homes to admit COVID-19 patients, resulting in thousands of deaths in assisted living facilities."
Gov. Cuomo accused of sexual harassment by former aide,https://www.foxnews.com/politics/cuomo-ex-aide-accuses-scandal-plagued-ny-governor-of-pervasive-sexual-harassment-in-bombshell-essay,"The recently detailed allegations by Boylan triggered renewed calls for Cuomo to resign as he faces intense scrutiny and pressure following explosive revelations that his administration concealed accurate nursing home death counts in the midst of the COVID-19 pandemic, stonewalling a federal investigation by the Justice Department into elder care facilities in four states, including New York."
House Republicans request FBI briefing on Swalwell ties to alleged Chinese spy,https://www.foxnews.com/politics/house-republicans-fbi-briefing-swalwell-chinese-spy,"It also notes past comments by Wray, who said China is engaged in a foreign influence campaign that includes ""bribery, blackmail and overt deals."""
Biden’s 100-day deportation moratorium indefinitely banned by judge,https://www.foxnews.com/politics/bidens-100-day-deportation-moratorium-judge,But Texas argued the directive violates the Constitution and federal law as well as a contractual agreement between Texas and DHS signed in the final days of the Trump administration that the state would be consulted before reducing immigration enforcement or pausing deportations.
Gov. Cuomo accused of sexual harassment by former aide,https://www.foxnews.com/politics/cuomo-ex-aide-accuses-scandal-plagued-ny-governor-of-pervasive-sexual-harassment-in-bombshell-essay,"Boylan said in another incident, this time in Cuomo's New York City office, he kissed her on the lips."
Gov. Cuomo accused of sexual harassment by former aide,https://www.foxnews.com/politics/cuomo-ex-aide-accuses-scandal-plagued-ny-governor-of-pervasive-sexual-harassment-in-bombshell-essay,"""The idea that someone might think I held my high-ranking position because of the Governor’s 'crush' on me was more demeaning than the kiss itself."""
"CPAC readies for Florida gathering amid COVID-19, as conservatives ready for Trump bonanza",https://www.foxnews.com/politics/cpac-readies-for-florida-gathering-amid-covid-as-conservatives-ready-for-trump-bonanza,"""A lot of fair-minded people are like, 'well, let's see if we get the AOC Joe Biden and the Bernie Sanders Joe Biden, or do we get the Joe Manchin Joe Biden?'"" Schlapp said of the early days of the Biden administration. ""I think a lot of people believe that the Joe Biden who emerges will be whatever is given on the cue cards, right? Like, he's being driven by the people around him."""
"0               Berkeley Poll: Gov. Newsom's Approval Rating Plummets in California
1                                   RNC Announces 'Committee on Election Integrity'
2                  Biden, Trudeau Bypass Tension for Unity on Virus, China, Climate
3                                   Rep. Issa: Newsom Recall Bigger Than Gray Davis
4                        Environmentalists Sue EPA to Improve Air-Quality Standards
                                            ...                                    
10913                    Zeldin: Will Do 'Everything in My Power' To See Cuomo Lose
10914    Pompeo: China Sending 'Message' to Biden With Sanctions on Trump Officials
10915     Gizzi: 11 Republicans Break From Party to Keep Rep. Greene Off Committees
10916                  McConnell Opposed Biden's DHS Nominee Due to 'Ethics Issues'
10917              Tribune Publishing Agrees to $430 Million Takeover by Hedge Fund
Name: link, Length: 10918, dtype: object","0                                        https://www.newsmax.com/politics/newsom-california-pandemic-recall/2021/02/02/id/1008325/
1                                https://www.newsmax.com/politics/rnc-committeeonelectionintegrity-mcdaniel/2021/02/17/id/1010444/
2                                       https://www.newsmax.com/politics/canada-trudeau-trade-supply-chains/2021/02/24/id/1011296/
3                                  https://www.newsmax.com/politics/gavin-newsom-california-recall-governor/2021/02/06/id/1008913/
4                                         https://www.newsmax.com/politics/epa-smog-environmentalists-ozone/2021/02/11/id/1009699/
                                                                   ...                                                            
10913                                       https://www.newsmax.com/politics/zeldin-cuomo-new-york-governor/2021/02/22/id/1011056/
10914                                                https://www.newsmax.com/politics/mike-pompeo-sanctions/2021/02/04/id/1008683/
10915                           https://www.newsmax.com/politics/11-republicans-vote-marjorie-taylor-greene/2021/02/05/id/1008760/
10916                     https://www.newsmax.com/politics/alejandro-mayorkas-dhs-secretary-mitch-mcconnell/2021/02/02/id/1008345/
10917    https://www.newsmax.com/politics/tribune-publishing-chicago-tribune-new-york-daily-news-hedge-fund/2021/02/16/id/1010286/
Name: link-href, Length: 10918, dtype: object","0                                                                                                                                                                                                                                                                                                                                                                    California’s Democrat Gov. Gavin Newsom’s approval rating has reportedly dropped 14 points over the last four months amid growing recall petitions, a new poll found.
1                                                                                                                                                                                                                                                                                                                                      The Republican State Leadership Committee also announced on Wednesday the creation of a “commission to restore the American people’s confidence in the integrity of their free and fair elections.”
2                                                                                                            Biden offered full U.S. support to pressure China to release former diplomat Michael Kovrig and businessman Michael Spavor, who were detained in 2018 after Canada arrested Meng Wanzhou, a Chinese executive with Huawei Technologies Co. The U.S. has sought the extradition of Meng — who is the daughter of the company’s founder — to try her on fraud charges. Her extradition case remains pending in Canadian courts.
3                                                                                                                                                                                                                                                                                                                                              ""But this time there is no simple solution, except with the governor to change the direction of our state. The same is true on our failed COVID relief. The same is true on our lockdowns.""
4                                                                                                                                                                                                                                                                                                                                                                      It was not that the Trump administration's EPA changed the standards from the Obama administration, but because it kept it at 70 parts per billion, per the report.
                                                                                                                                                                                                                                                                       ...                                                                                                                                                                                                                                                                
10913                                                                                                                                                    ""I think you have a lot of Democrats that are saying to themselves, three terms are too much for Andrew Cuomo, and we need to make a change,"" said Zeldin. ""The stories are not lining up and the consequences are at the end of the day we are talking about all the thousands of lives lost that families that want accountability and justice. So legally, he is exposed too.""
10914    China's foreign ministry said in a statement last month: ""Over the past few years, some anti-China politicians in the United States, out of their selfish political interests and prejudice and hatred against China and showing no regard for the interests of the Chinese and American people, have planned, promoted and executed a series of crazy moves which have gravely interfered in China's internal affairs, undermined China's interests, offended the Chinese people, and seriously disrupted China-U.S. relations.""
10915                                                                                                                                                                                                                                                                                                                           If there was any surprise in the ordeal of Rep. Marjorie Taylor Greene, R-Ga., it was in the final vote Thursday evening to deny her assignments to two House committees — Education and Labor and Budget.
10916                                                                                                                                                                                                                      ""I've voted for several of President Biden's mainstream Cabinet nominees,"" McConnell tweeted. ""But his choice to run Homeland Security was blasted by the Obama administration's own Inspector General for running an immigration law favor factory for powerful Democrats. Bad pick with major ethics issues.""
10917                                                                                                                                                                                                                                                                               Alden bought a stake in Tribune a little over a year ago. The hedge fund, through its backing of MNG Enterprises Inc., also tried to acquire Gannett Co. in 2019 but lost out to New Media Investment Group Inc., which promised less-severe job cuts.
Name: text, Length: 10918, dtype: object"
